ID_plot,transect,type,n
554515,1,1h,15
554515,2,1h,16
554515,3,1h,21
554515,4,1h,20
554515,5,1h,15
554515,1,10h,5
554515,2,10h,2
554515,3,10h,3
554515,4,10h,6
554515,5,10h,11
554515,1,100h,1
554515,2,100h,1
554515,3,100h,0
554515,4,100h,1
554515,5,100h,3
554515,1,1000h_old,10
554515,2,1000h_old,0
554515,3,1000h_old,0
554515,4,1000h_old,0
554515,5,1000h_old,0
554515,1,1000h_new,8
554515,2,1000h_new,8
554515,3,1000h_new,0
554515,4,1000h_new,0
554515,5,1000h_new,0
554511,1,1h,19
554511,2,1h,30
554511,3,1h,22
554511,4,1h,16
554511,1,10h,6
554511,2,10h,5
554511,3,10h,3
554511,4,10h,1
554511,1,100h,6
554511,2,100h,2
554511,3,100h,2
554511,4,100h,0
554511,1,1000h_old,0
554511,2,1000h_old,0
554511,3,1000h_old,0
554511,4,1000h_old,0
554511,1,1000h_new,0
554511,2,1000h_new,0
554511,3,1000h_new,0
554511,4,1000h_new,0
556310,1,1h,17
556310,2,1h,16
556310,3,1h,42
556310,4,1h,19
556310,1,10h,2
556310,2,10h,5
556310,3,10h,3
556310,4,10h,2
556310,1,100h,0
556310,2,100h,1
556310,3,100h,1
556310,4,100h,1
556310,1,1000h_old,0
556310,2,1000h_old,0
556310,3,1000h_old,0
556310,4,1000h_old,0
556310,1,1000h_new,0
556310,2,1000h_new,0
556310,3,1000h_new,0
556310,4,1000h_new,0
554310,1,1h,20
554310,2,1h,16
554310,3,1h,14
554310,4,1h,15
554310,5,1h,13
554310,1,10h,2
554310,2,10h,0
554310,3,10h,0
554310,4,10h,7
554310,5,10h,2
554310,1,100h,2
554310,2,100h,2
554310,3,100h,1
554310,4,100h,4
554310,5,100h,3
554310,1,1000h_old,0
554310,2,1000h_old,0
554310,3,1000h_old,0
554310,4,1000h_old,0
554310,5,1000h_old,0
554310,1,1000h_new,0
554310,2,1000h_new,0
554310,3,1000h_new,0
554310,4,1000h_new,0
554310,5,1000h_new,0
554305,1,1h,19
554305,2,1h,19
554305,3,1h,5
554305,4,1h,11
554305,5,1h,20
554305,6,1h,19
554305,1,10h,1
554305,2,10h,2
554305,3,10h,0
554305,4,10h,3
554305,5,10h,2
554305,6,10h,4
554305,1,100h,0
554305,2,100h,1
554305,3,100h,2
554305,4,100h,0
554305,5,100h,0
554305,6,100h,0
554305,1,1000h_old,0
554305,2,1000h_old,0
554305,3,1000h_old,0
554305,4,1000h_old,0
554305,5,1000h_old,0
554305,6,1000h_old,0
554305,1,1000h_new,0
554305,2,1000h_new,0
554305,3,1000h_new,0
554305,4,1000h_new,0
554305,5,1000h_new,0
554305,6,1000h_new,0
552608,1,1h,31
552608,2,1h,33
552608,3,1h,26
552608,4,1h,29
552608,1,10h,4
552608,2,10h,6
552608,3,10h,5
552608,4,10h,6
552608,1,100h,1
552608,2,100h,0
552608,3,100h,0
552608,4,100h,1
552608,1,1000h_old,0
552608,2,1000h_old,0
552608,3,1000h_old,0
552608,4,1000h_old,0
552608,1,1000h_new,0
552608,2,1000h_new,0
552608,3,1000h_new,0
552608,4,1000h_new,0
550804,1,1h,18
550804,2,1h,7
550804,3,1h,11
550804,4,1h,9
550804,5,1h,13
550804,6,1h,12
550804,7,1h,15
550804,1,10h,2
550804,2,10h,2
550804,3,10h,1
550804,4,10h,1
550804,5,10h,6
550804,6,10h,2
550804,7,10h,1
550804,1,100h,2
550804,2,100h,4
550804,3,100h,0
550804,4,100h,3
550804,5,100h,2
550804,6,100h,3
550804,7,100h,1
550804,1,1000h_old,0
550804,2,1000h_old,0
550804,3,1000h_old,0
550804,4,1000h_old,0
550804,5,1000h_old,0
550804,6,1000h_old,0
550804,7,1000h_old,0
550804,1,1000h_new,0
550804,2,1000h_new,0
550804,3,1000h_new,0
550804,4,1000h_new,0
550804,5,1000h_new,0
550804,6,1000h_new,0
550804,7,1000h_new,0
550803,1,1h,29
550803,2,1h,35
550803,3,1h,15
550803,4,1h,10
550803,1,10h,9
550803,2,10h,14
550803,3,10h,3
550803,4,10h,1
550803,1,100h,10
550803,2,100h,3
550803,3,100h,2
550803,4,100h,2
550803,1,1000h_old,0
550803,2,1000h_old,0
550803,3,1000h_old,0
550803,4,1000h_old,8
550803,1,1000h_new,9
550803,2,1000h_new,8
550803,3,1000h_new,0
550803,4,1000h_new,0
550705,1,1h,19
550705,2,1h,30
550705,3,1h,19
550705,4,1h,29
550705,1,10h,3
550705,2,10h,5
550705,3,10h,5
550705,4,10h,3
550705,1,100h,0
550705,2,100h,0
550705,3,100h,0
550705,4,100h,0
550705,1,1000h_old,8
550705,2,1000h_old,9
550705,3,1000h_old,0
550705,4,1000h_old,0
550705,1,1000h_new,9
550705,2,1000h_new,0
550705,3,1000h_new,0
550705,4,1000h_new,0
550707,1,1h,5
550707,2,1h,9
550707,3,1h,6
550707,4,1h,26
550707,5,1h,27
550707,1,10h,1
550707,2,10h,1
550707,3,10h,6
550707,4,10h,2
550707,5,10h,3
550707,1,100h,0
550707,2,100h,4
550707,3,100h,4
550707,4,100h,1
550707,5,100h,5
550707,1,1000h_old,12
550707,2,1000h_old,8
550707,3,1000h_old,0
550707,4,1000h_old,0
550707,5,1000h_old,0
550707,1,1000h_new,0
550707,2,1000h_new,0
550707,3,1000h_new,0
550707,4,1000h_new,0
550707,5,1000h_new,0
549013,1,1h,30
549013,2,1h,14
549013,3,1h,11
549013,4,1h,27
549013,5,1h,13
549013,1,10h,5
549013,2,10h,1
549013,3,10h,2
549013,4,10h,4
549013,5,10h,3
549013,1,100h,1
549013,2,100h,0
549013,3,100h,0
549013,4,100h,1
549013,5,100h,0
549013,1,1000h_old,0
549013,2,1000h_old,0
549013,3,1000h_old,0
549013,4,1000h_old,0
549013,5,1000h_old,0
549013,1,1000h_new,0
549013,2,1000h_new,0
549013,3,1000h_new,0
549013,4,1000h_new,0
549013,5,1000h_new,0
550604,1,1h,11
550604,2,1h,45
550604,3,1h,27
550604,4,1h,37
550604,1,10h,5
550604,2,10h,7
550604,3,10h,4
550604,4,10h,6
550604,1,100h,0
550604,2,100h,1
550604,3,100h,0
550604,4,100h,0
550604,1,1000h_old,0
550604,2,1000h_old,0
550604,3,1000h_old,0
550604,4,1000h_old,0
550604,1,1000h_new,0
550604,2,1000h_new,0
550604,3,1000h_new,0
550604,4,1000h_new,0
550502,1,1h,9
550502,2,1h,8
550502,3,1h,16
550502,4,1h,10
550502,5,1h,12
550502,6,1h,16
550502,1,10h,3
550502,2,10h,2
550502,3,10h,1
550502,4,10h,5
550502,5,10h,2
550502,6,10h,4
550502,1,100h,2
550502,2,100h,3
550502,3,100h,3
550502,4,100h,4
550502,5,100h,2
550502,6,100h,3
550502,1,1000h_old,8
550502,2,1000h_old,0
550502,3,1000h_old,0
550502,4,1000h_old,0
550502,5,1000h_old,0
550502,6,1000h_old,0
550502,1,1000h_new,9
550502,2,1000h_new,0
550502,3,1000h_new,0
550502,4,1000h_new,0
550502,5,1000h_new,0
550502,6,1000h_new,0
550607,1,1h,25
550607,2,1h,27
550607,3,1h,18
550607,4,1h,23
550607,1,10h,9
550607,2,10h,2
550607,3,10h,6
550607,4,10h,3
550607,1,100h,3
550607,2,100h,0
550607,3,100h,0
550607,4,100h,1
550607,1,1000h_old,0
550607,2,1000h_old,0
550607,3,1000h_old,0
550607,4,1000h_old,0
550607,1,1000h_new,9
550607,2,1000h_new,10
550607,3,1000h_new,0
550607,4,1000h_new,0
550404,1,1h,26
550404,2,1h,23
550404,3,1h,56
550404,4,1h,38
550404,1,10h,10
550404,2,10h,10
550404,3,10h,6
550404,4,10h,16
550404,1,100h,1
550404,2,100h,3
550404,3,100h,0
550404,4,100h,3
550404,1,1000h_old,0
550404,2,1000h_old,0
550404,3,1000h_old,0
550404,4,1000h_old,0
550404,1,1000h_new,9
550404,2,1000h_new,8
550404,3,1000h_new,0
550404,4,1000h_new,0
550409,1,1h,31
550409,2,1h,16
550409,3,1h,26
550409,4,1h,24
550409,1,10h,4
550409,2,10h,3
550409,3,10h,6
550409,4,10h,8
550409,1,100h,2
550409,2,100h,2
550409,3,100h,3
550409,4,100h,4
550409,1,1000h_old,12
550409,2,1000h_old,0
550409,3,1000h_old,0
550409,4,1000h_old,0
550409,1,1000h_new,8
550409,2,1000h_new,12
550409,3,1000h_new,18
550409,4,1000h_new,0
552104,1,1h,14
552104,2,1h,4
552104,3,1h,11
552104,4,1h,7
552104,5,1h,8
552104,6,1h,3
552104,7,1h,9
552104,1,10h,20
552104,2,10h,3
552104,3,10h,3
552104,4,10h,1
552104,5,10h,2
552104,6,10h,2
552104,7,10h,0
552104,1,100h,9
552104,2,100h,0
552104,3,100h,1
552104,4,100h,1
552104,5,100h,1
552104,6,100h,0
552104,7,100h,1
552104,1,1000h_old,0
552104,2,1000h_old,0
552104,3,1000h_old,0
552104,4,1000h_old,0
552104,5,1000h_old,0
552104,6,1000h_old,0
552104,7,1000h_old,0
552104,1,1000h_new,0
552104,2,1000h_new,0
552104,3,1000h_new,0
552104,4,1000h_new,0
552104,5,1000h_new,0
552104,6,1000h_new,0
552104,7,1000h_new,0
553905,1,1h,35
553905,2,1h,33
553905,3,1h,9
553905,4,1h,15
553905,1,10h,8
553905,2,10h,3
553905,3,10h,4
553905,4,10h,3
553905,1,100h,1
553905,2,100h,2
553905,3,100h,2
553905,4,100h,0
553905,1,1000h_old,8
553905,2,1000h_old,0
553905,3,1000h_old,0
553905,4,1000h_old,0
553905,1,1000h_new,0
553905,2,1000h_new,0
553905,3,1000h_new,0
553905,4,1000h_new,0
553911,1,1h,30
553911,2,1h,9
553911,3,1h,12
553911,4,1h,27
553911,1,10h,4
553911,2,10h,7
553911,3,10h,5
553911,4,10h,7
553911,1,100h,3
553911,2,100h,3
553911,3,100h,5
553911,4,100h,2
553911,1,1000h_old,18
553911,2,1000h_old,20
553911,3,1000h_old,12
553911,4,1000h_old,9
553911,1,1000h_new,16
553911,2,1000h_new,9
553911,3,1000h_new,8
553911,4,1000h_new,9
553909,1,1h,11
553909,2,1h,17
553909,3,1h,14
553909,4,1h,26
553909,1,10h,6
553909,2,10h,2
553909,3,10h,3
553909,4,10h,7
553909,1,100h,2
553909,2,100h,2
553909,3,100h,4
553909,4,100h,5
553909,1,1000h_old,8
553909,2,1000h_old,8
553909,3,1000h_old,8
553909,4,1000h_old,9
553909,1,1000h_new,22
553909,2,1000h_new,19
553909,3,1000h_new,8
553909,4,1000h_new,0
529505,1,1h,32
529505,2,1h,16
529505,3,1h,24
529505,4,1h,16
529505,1,10h,12
529505,2,10h,4
529505,3,10h,5
529505,4,10h,4
529505,1,100h,0
529505,2,100h,0
529505,3,100h,0
529505,4,100h,0
529505,1,1000h_old,0
529505,2,1000h_old,0
529505,3,1000h_old,0
529505,4,1000h_old,0
529505,1,1000h_new,0
529505,2,1000h_new,0
529505,3,1000h_new,0
529505,4,1000h_new,0
528103,1,1h,18
528103,2,1h,39
528103,3,1h,23
528103,4,1h,28
528103,1,10h,6
528103,2,10h,7
528103,3,10h,5
528103,4,10h,7
528103,1,100h,8
528103,2,100h,2
528103,3,100h,6
528103,4,100h,3
528103,1,1000h_old,12
528103,2,1000h_old,12
528103,3,1000h_old,12
528103,4,1000h_old,12
528103,1,1000h_new,10
528103,2,1000h_new,8
528103,3,1000h_new,8
528103,4,1000h_new,9
528105,1,1h,14
528105,2,1h,10
528105,3,1h,11
528105,4,1h,12
528105,5,1h,13
528105,6,1h,13
528105,1,10h,1
528105,2,10h,2
528105,3,10h,3
528105,4,10h,2
528105,5,10h,5
528105,6,10h,3
528105,1,100h,0
528105,2,100h,3
528105,3,100h,2
528105,4,100h,6
528105,5,100h,2
528105,6,100h,1
528105,1,1000h_old,8
528105,2,1000h_old,0
528105,3,1000h_old,0
528105,4,1000h_old,0
528105,5,1000h_old,0
528105,6,1000h_old,0
528105,1,1000h_new,8
528105,2,1000h_new,0
528105,3,1000h_new,0
528105,4,1000h_new,0
528105,5,1000h_new,0
528105,6,1000h_new,0
529513,1,1h,12
529513,2,1h,25
529513,3,1h,11
529513,4,1h,9
529513,5,1h,19
529513,6,1h,26
529513,1,10h,2
529513,2,10h,1
529513,3,10h,1
529513,4,10h,1
529513,5,10h,3
529513,6,10h,8
529513,1,100h,0
529513,2,100h,0
529513,3,100h,2
529513,4,100h,1
529513,5,100h,1
529513,6,100h,1
529513,1,1000h_old,8
529513,2,1000h_old,0
529513,3,1000h_old,0
529513,4,1000h_old,0
529513,5,1000h_old,0
529513,6,1000h_old,0
529513,1,1000h_new,0
529513,2,1000h_new,0
529513,3,1000h_new,0
529513,4,1000h_new,0
529513,5,1000h_new,0
529513,6,1000h_new,0
529602,1,1h,23
529602,2,1h,14
529602,3,1h,17
529602,4,1h,28
529602,1,10h,4
529602,2,10h,2
529602,3,10h,6
529602,4,10h,4
529602,1,100h,5
529602,2,100h,2
529602,3,100h,0
529602,4,100h,0
529602,1,1000h_old,0
529602,2,1000h_old,0
529602,3,1000h_old,0
529602,4,1000h_old,0
529602,1,1000h_new,0
529602,2,1000h_new,0
529602,3,1000h_new,0
529602,4,1000h_new,0
528306,1,1h,19
528306,2,1h,23
528306,3,1h,25
528306,4,1h,25
528306,1,10h,3
528306,2,10h,1
528306,3,10h,3
528306,4,10h,0
528306,1,100h,1
528306,2,100h,0
528306,3,100h,2
528306,4,100h,2
528306,1,1000h_old,8
528306,2,1000h_old,0
528306,3,1000h_old,0
528306,4,1000h_old,0
528306,1,1000h_new,0
528306,2,1000h_new,0
528306,3,1000h_new,0
528306,4,1000h_new,0
528309,1,1h,23
528309,2,1h,18
528309,3,1h,13
528309,4,1h,9
528309,5,1h,17
528309,1,10h,2
528309,2,10h,2
528309,3,10h,1
528309,4,10h,3
528309,5,10h,3
528309,1,100h,1
528309,2,100h,7
528309,3,100h,2
528309,4,100h,3
528309,5,100h,2
528309,1,1000h_old,8
528309,2,1000h_old,8
528309,3,1000h_old,14
528309,4,1000h_old,0
528309,5,1000h_old,0
528309,1,1000h_new,9.5
528309,2,1000h_new,10
528309,3,1000h_new,0
528309,4,1000h_new,0
528309,5,1000h_new,0
528409,1,1h,8
528409,2,1h,7
528409,3,1h,25
528409,4,1h,43
528409,1,10h,2
528409,2,10h,2
528409,3,10h,3
528409,4,10h,5
528409,1,100h,3
528409,2,100h,0
528409,3,100h,2
528409,4,100h,2
528409,1,1000h_old,8
528409,2,1000h_old,21
528409,3,1000h_old,23
528409,4,1000h_old,8.5
528409,1,1000h_new,22
528409,2,1000h_new,0
528409,3,1000h_new,0
528409,4,1000h_new,0
528303,1,1h,16
528303,2,1h,14
528303,3,1h,11
528303,4,1h,12
528303,5,1h,13
528303,6,1h,15
528303,1,10h,4
528303,2,10h,1
528303,3,10h,9
528303,4,10h,1
528303,5,10h,6
528303,6,10h,3
528303,1,100h,2
528303,2,100h,0
528303,3,100h,2
528303,4,100h,0
528303,5,100h,0
528303,6,100h,0
528303,1,1000h_old,0
528303,2,1000h_old,0
528303,3,1000h_old,0
528303,4,1000h_old,0
528303,5,1000h_old,0
528303,6,1000h_old,0
528303,1,1000h_new,0
528303,2,1000h_new,0
528303,3,1000h_new,0
528303,4,1000h_new,0
528303,5,1000h_new,0
528303,6,1000h_new,0
527003,1,1h,22
527003,2,1h,16
527003,3,1h,16
527003,4,1h,13
527003,5,1h,19
527003,1,10h,2
527003,2,10h,5
527003,3,10h,1
527003,4,10h,2
527003,5,10h,1
527003,1,100h,0
527003,2,100h,0
527003,3,100h,1
527003,4,100h,2
527003,5,100h,1
527003,1,1000h_old,12
527003,2,1000h_old,8
527003,3,1000h_old,8
527003,4,1000h_old,21
527003,5,1000h_old,0
527003,1,1000h_new,0
527003,2,1000h_new,0
527003,3,1000h_new,0
527003,4,1000h_new,0
527003,5,1000h_new,0
526908,1,1h,14
526908,2,1h,19
526908,3,1h,21
526908,4,1h,23
526908,1,10h,9
526908,2,10h,3
526908,3,10h,7
526908,4,10h,6
526908,1,100h,4
526908,2,100h,4
526908,3,100h,2
526908,4,100h,3
526908,1,1000h_old,16
526908,2,1000h_old,0
526908,3,1000h_old,0
526908,4,1000h_old,0
526908,1,1000h_new,0
526908,2,1000h_new,0
526908,3,1000h_new,0
526908,4,1000h_new,0
536802,1,1h,10
536802,2,1h,10
536802,3,1h,19
536802,4,1h,10
536802,1,10h,5
536802,2,10h,3
536802,3,10h,15
536802,4,10h,3
536802,1,100h,4
536802,2,100h,14
536802,3,100h,7
536802,4,100h,3
536802,1,1000h_old,9
536802,2,1000h_old,9
536802,3,1000h_old,8
536802,4,1000h_old,0
536802,1,1000h_new,12
536802,2,1000h_new,0
536802,3,1000h_new,0
536802,4,1000h_new,0
525704,1,1h,19
525704,2,1h,20
525704,3,1h,17
525704,4,1h,29
525704,1,10h,8
525704,2,10h,7
525704,3,10h,5
525704,4,10h,4
525704,1,100h,1
525704,2,100h,0
525704,3,100h,2
525704,4,100h,0
525704,1,1000h_old,0
525704,2,1000h_old,0
525704,3,1000h_old,0
525704,4,1000h_old,0
525704,1,1000h_new,0
525704,2,1000h_new,0
525704,3,1000h_new,0
525704,4,1000h_new,0
525701,1,1h,27
525701,2,1h,35
525701,3,1h,8
525701,4,1h,17
525701,1,10h,6
525701,2,10h,12
525701,3,10h,1
525701,4,10h,6
525701,1,100h,0
525701,2,100h,1
525701,3,100h,2
525701,4,100h,0
525701,1,1000h_old,10.5
525701,2,1000h_old,9
525701,3,1000h_old,0
525701,4,1000h_old,0
525701,1,1000h_new,0
525701,2,1000h_new,0
525701,3,1000h_new,0
525701,4,1000h_new,0
526905,1,1h,52
526905,2,1h,12
526905,3,1h,14
526905,4,1h,11
526905,1,10h,30
526905,2,10h,6
526905,3,10h,7
526905,4,10h,4
526905,1,100h,8
526905,2,100h,10
526905,3,100h,2
526905,4,100h,2
526905,1,1000h_old,9
526905,2,1000h_old,0
526905,3,1000h_old,0
526905,4,1000h_old,0
526905,1,1000h_new,0
526905,2,1000h_new,0
526905,3,1000h_new,0
526905,4,1000h_new,0
527101,1,1h,25
527101,2,1h,12
527101,3,1h,15
527101,4,1h,11
527101,5,1h,8
527101,1,10h,3
527101,2,10h,2
527101,3,10h,9
527101,4,10h,2
527101,5,10h,2
527101,1,100h,4
527101,2,100h,3
527101,3,100h,2
527101,4,100h,0
527101,5,100h,1
527101,1,1000h_old,14
527101,2,1000h_old,10
527101,3,1000h_old,19.5
527101,4,1000h_old,21
527101,5,1000h_old,18
527101,1,1000h_new,0
527101,2,1000h_new,0
527101,3,1000h_new,0
527101,4,1000h_new,0
527101,5,1000h_new,0
527111,1,1h,9
527111,2,1h,14
527111,3,1h,15
527111,4,1h,17
527111,5,1h,6
527111,1,10h,1
527111,2,10h,4
527111,3,10h,4
527111,4,10h,5
527111,5,10h,4
527111,1,100h,3
527111,2,100h,4
527111,3,100h,3
527111,4,100h,1
527111,5,100h,0
527111,1,1000h_old,8
527111,2,1000h_old,8.5
527111,3,1000h_old,0
527111,4,1000h_old,0
527111,5,1000h_old,0
527111,1,1000h_new,12.5
527111,2,1000h_new,8
527111,3,1000h_new,0
527111,4,1000h_new,0
527111,5,1000h_new,0
528503,1,1h,11
528503,2,1h,14
528503,3,1h,10
528503,4,1h,12
528503,5,1h,11
528503,6,1h,16
528503,1,10h,3
528503,2,10h,6
528503,3,10h,3
528503,4,10h,4
528503,5,10h,3
528503,6,10h,2
528503,1,100h,3
528503,2,100h,3
528503,3,100h,4
528503,4,100h,0
528503,5,100h,1
528503,6,100h,3
528503,1,1000h_old,8
528503,2,1000h_old,0
528503,3,1000h_old,0
528503,4,1000h_old,0
528503,5,1000h_old,0
528503,6,1000h_old,0
528503,1,1000h_new,0
528503,2,1000h_new,0
528503,3,1000h_new,0
528503,4,1000h_new,0
528503,5,1000h_new,0
528503,6,1000h_new,0
529902,1,1h,8
529902,2,1h,18
529902,3,1h,18
529902,4,1h,10
529902,5,1h,7
529902,6,1h,14
529902,7,1h,11
529902,1,10h,1
529902,2,10h,4
529902,3,10h,2
529902,4,10h,3
529902,5,10h,1
529902,6,10h,4
529902,7,10h,1
529902,1,100h,0
529902,2,100h,0
529902,3,100h,1
529902,4,100h,0
529902,5,100h,0
529902,6,100h,0
529902,7,100h,1
529902,1,1000h_old,0
529902,2,1000h_old,0
529902,3,1000h_old,0
529902,4,1000h_old,0
529902,5,1000h_old,0
529902,6,1000h_old,0
529902,7,1000h_old,0
529902,1,1000h_new,0
529902,2,1000h_new,0
529902,3,1000h_new,0
529902,4,1000h_new,0
529902,5,1000h_new,0
529902,6,1000h_new,0
529902,7,1000h_new,0
528610,1,1h,24
528610,2,1h,27
528610,3,1h,29
528610,4,1h,8
528610,1,10h,3
528610,2,10h,2
528610,3,10h,3
528610,4,10h,3
528610,1,100h,1
528610,2,100h,0
528610,3,100h,2
528610,4,100h,0
528610,1,1000h_old,0
528610,2,1000h_old,0
528610,3,1000h_old,0
528610,4,1000h_old,0
528610,1,1000h_new,0
528610,2,1000h_new,0
528610,3,1000h_new,0
528610,4,1000h_new,0
528602,1,1h,25
528602,2,1h,33
528602,3,1h,22
528602,4,1h,122
528602,1,10h,3
528602,2,10h,8
528602,3,10h,4
528602,4,10h,5
528602,1,100h,1
528602,2,100h,2
528602,3,100h,1
528602,4,100h,0
528602,1,1000h_old,0
528602,2,1000h_old,0
528602,3,1000h_old,0
528602,4,1000h_old,0
528602,1,1000h_new,0
528602,2,1000h_new,0
528602,3,1000h_new,0
528602,4,1000h_new,0
538501,1,1h,23
538501,2,1h,11
538501,3,1h,14
538501,4,1h,21
538501,5,1h,22
538501,1,10h,5
538501,2,10h,1
538501,3,10h,2
538501,4,10h,4
538501,5,10h,3
538501,1,100h,0
538501,2,100h,5
538501,3,100h,0
538501,4,100h,8
538501,5,100h,7
538501,1,1000h_old,14
538501,2,1000h_old,18
538501,3,1000h_old,20
538501,4,1000h_old,22
538501,5,1000h_old,0
538501,1,1000h_new,8
538501,2,1000h_new,0
538501,3,1000h_new,0
538501,4,1000h_new,0
538501,5,1000h_new,0
538505,1,1h,9
538505,2,1h,15
538505,3,1h,25
538505,4,1h,30
538505,1,10h,5
538505,2,10h,10
538505,3,10h,3
538505,4,10h,3
538505,1,100h,0
538505,2,100h,4
538505,3,100h,0
538505,4,100h,0
538505,1,1000h_old,9.5
538505,2,1000h_old,0
538505,3,1000h_old,0
538505,4,1000h_old,0
538505,1,1000h_new,14
538505,2,1000h_new,0
538505,3,1000h_new,0
538505,4,1000h_new,0
540001,1,1h,9
540001,2,1h,16
540001,3,1h,19
540001,4,1h,6
540001,5,1h,11
540001,6,1h,17
540001,1,10h,3
540001,2,10h,4
540001,3,10h,3
540001,4,10h,1
540001,5,10h,3
540001,6,10h,4
540001,1,100h,4
540001,2,100h,5
540001,3,100h,2
540001,4,100h,0
540001,5,100h,0
540001,6,100h,7
540001,1,1000h_old,9
540001,2,1000h_old,8
540001,3,1000h_old,0
540001,4,1000h_old,0
540001,5,1000h_old,0
540001,6,1000h_old,0
540001,1,1000h_new,18
540001,2,1000h_new,11
540001,3,1000h_new,0
540001,4,1000h_new,0
540001,5,1000h_new,0
540001,6,1000h_new,0
540005,1,1h,50
540005,2,1h,42
540005,3,1h,8
540005,4,1h,17
540005,1,10h,12
540005,2,10h,16
540005,3,10h,2
540005,4,10h,10
540005,1,100h,3
540005,2,100h,7
540005,3,100h,4
540005,4,100h,1
540005,1,1000h_old,9
540005,2,1000h_old,16
540005,3,1000h_old,9
540005,4,1000h_old,9
540005,1,1000h_new,8
540005,2,1000h_new,0
540005,3,1000h_new,0
540005,4,1000h_new,0
541405,1,1h,27
541405,2,1h,12
541405,3,1h,11
541405,4,1h,29
541405,1,10h,3
541405,2,10h,2
541405,3,10h,3
541405,4,10h,8
541405,1,100h,1
541405,2,100h,2
541405,3,100h,0
541405,4,100h,0
541405,1,1000h_old,8
541405,2,1000h_old,0
541405,3,1000h_old,0
541405,4,1000h_old,0
541405,1,1000h_new,0
541405,2,1000h_new,0
541405,3,1000h_new,0
541405,4,1000h_new,0
541406,1,1h,20
541406,2,1h,17
541406,3,1h,12
541406,4,1h,18
541406,1,10h,1
541406,2,10h,16
541406,3,10h,4
541406,4,10h,6
541406,1,100h,1
541406,2,100h,0
541406,3,100h,3
541406,4,100h,2
541406,1,1000h_old,0
541406,2,1000h_old,0
541406,3,1000h_old,0
541406,4,1000h_old,0
541406,1,1000h_new,16
541406,2,1000h_new,0
541406,3,1000h_new,0
541406,4,1000h_new,0
541501,1,1h,24
541501,2,1h,16
541501,3,1h,12
541501,4,1h,12
541501,5,1h,11
541501,1,10h,11
541501,2,10h,4
541501,3,10h,4
541501,4,10h,2
541501,5,10h,7
541501,1,100h,3
541501,2,100h,3
541501,3,100h,4
541501,4,100h,2
541501,5,100h,8
541501,1,1000h_old,8
541501,2,1000h_old,8
541501,3,1000h_old,0
541501,4,1000h_old,0
541501,5,1000h_old,0
541501,1,1000h_new,0
541501,2,1000h_new,0
541501,3,1000h_new,0
541501,4,1000h_new,0
541501,5,1000h_new,0
540113,1,1h,13
540113,2,1h,29
540113,3,1h,28
540113,4,1h,20
540113,1,10h,4
540113,2,10h,7
540113,3,10h,6
540113,4,10h,5
540113,1,100h,1
540113,2,100h,2
540113,3,100h,1
540113,4,100h,1
540113,1,1000h_old,0
540113,2,1000h_old,0
540113,3,1000h_old,0
540113,4,1000h_old,0
540113,1,1000h_new,12
540113,2,1000h_new,0
540113,3,1000h_new,0
540113,4,1000h_new,0
540103,1,1h,9
540103,2,1h,10
540103,3,1h,13
540103,4,1h,24
540103,5,1h,14
540103,1,10h,2
540103,2,10h,4
540103,3,10h,6
540103,4,10h,9
540103,5,10h,4
540103,1,100h,1
540103,2,100h,1
540103,3,100h,3
540103,4,100h,1
540103,5,100h,4
540103,1,1000h_old,8
540103,2,1000h_old,12
540103,3,1000h_old,14
540103,4,1000h_old,14
540103,5,1000h_old,0
540103,1,1000h_new,10
540103,2,1000h_new,15
540103,3,1000h_new,0
540103,4,1000h_new,0
540103,5,1000h_new,0
538612,1,1h,9
538612,2,1h,11
538612,3,1h,5
538612,4,1h,17
538612,5,1h,13
538612,6,1h,29
538612,1,10h,5
538612,2,10h,3
538612,3,10h,1
538612,4,10h,5
538612,5,10h,3
538612,6,10h,7
538612,1,100h,0
538612,2,100h,1
538612,3,100h,4
538612,4,100h,0
538612,5,100h,0
538612,6,100h,1
538612,1,1000h_old,10
538612,2,1000h_old,8
538612,3,1000h_old,9
538612,4,1000h_old,8
538612,5,1000h_old,14
538612,6,1000h_old,0
538612,1,1000h_new,0
538612,2,1000h_new,0
538612,3,1000h_new,0
538612,4,1000h_new,0
538612,5,1000h_new,0
538612,6,1000h_new,0
538610,1,1h,18
538610,2,1h,39
538610,3,1h,18
538610,4,1h,19
538610,1,10h,6
538610,2,10h,4
538610,3,10h,3
538610,4,10h,2
538610,1,100h,7
538610,2,100h,3
538610,3,100h,5
538610,4,100h,1
538610,1,1000h_old,11.5
538610,2,1000h_old,0
538610,3,1000h_old,0
538610,4,1000h_old,0
538610,1,1000h_new,22
538610,2,1000h_new,0
538610,3,1000h_new,0
538610,4,1000h_new,0
538601,1,1h,13
538601,2,1h,8
538601,3,1h,14
538601,4,1h,25
538601,5,1h,5
538601,6,1h,22
538601,1,10h,4
538601,2,10h,1
538601,3,10h,6
538601,4,10h,5
538601,5,10h,1
538601,6,10h,4
538601,1,100h,0
538601,2,100h,0
538601,3,100h,1
538601,4,100h,0
538601,5,100h,1
538601,6,100h,1
538601,1,1000h_old,8
538601,2,1000h_old,0
538601,3,1000h_old,0
538601,4,1000h_old,0
538601,5,1000h_old,0
538601,6,1000h_old,0
538601,1,1000h_new,0
538601,2,1000h_new,0
538601,3,1000h_new,0
538601,4,1000h_new,0
538601,5,1000h_new,0
538601,6,1000h_new,0
537101,1,1h,14
537101,2,1h,6
537101,3,1h,15
537101,4,1h,16
537101,5,1h,17
537101,6,1h,13
537101,1,10h,8
537101,2,10h,3
537101,3,10h,4
537101,4,10h,5
537101,5,10h,3
537101,6,10h,4
537101,1,100h,5
537101,2,100h,1
537101,3,100h,2
537101,4,100h,1
537101,5,100h,2
537101,6,100h,1
537101,1,1000h_old,0
537101,2,1000h_old,0
537101,3,1000h_old,0
537101,4,1000h_old,0
537101,5,1000h_old,0
537101,6,1000h_old,0
537101,1,1000h_new,0
537101,2,1000h_new,0
537101,3,1000h_new,0
537101,4,1000h_new,0
537101,5,1000h_new,0
537101,6,1000h_new,0
209809,1,1h,23
209809,2,1h,18
209809,3,1h,17
209809,4,1h,13
209809,5,1h,11
209809,1,10h,4
209809,2,10h,9
209809,3,10h,2
209809,4,10h,9
209809,5,10h,4
209809,1,100h,2
209809,2,100h,0
209809,3,100h,0
209809,4,100h,0
209809,5,100h,0
209809,1,1000h_old,8
209809,2,1000h_old,10
209809,3,1000h_old,0
209809,4,1000h_old,0
209809,5,1000h_old,0
209809,1,1000h_new,8
209809,2,1000h_new,12
209809,3,1000h_new,0
209809,4,1000h_new,0
209809,5,1000h_new,0
209706,1,1h,12
209706,2,1h,33
209706,3,1h,15
209706,4,1h,13
209706,1,10h,6
209706,2,10h,10
209706,3,10h,7
209706,4,10h,2
209706,1,100h,3
209706,2,100h,1
209706,3,100h,0
209706,4,100h,9
209706,1,1000h_old,13
209706,2,1000h_old,12
209706,3,1000h_old,9
209706,4,1000h_old,8
209706,1,1000h_new,12
209706,2,1000h_new,8
209706,3,1000h_new,10
209706,4,1000h_new,12
209317,1,1h,22
209317,2,1h,17
209317,3,1h,15
209317,4,1h,27
209317,1,10h,0
209317,2,10h,0
209317,3,10h,0
209317,4,10h,0
209317,1,100h,0
209317,2,100h,0
209317,3,100h,0
209317,4,100h,0
209317,1,1000h_old,12
209317,2,1000h_old,11
209317,3,1000h_old,15
209317,4,1000h_old,10
209317,5,1000h_old,8
209317,6,1000h_old,9
209317,7,1000h_old,9
209317,8,1000h_old,9
209317,1,1000h_new,14
209317,2,1000h_new,12
209317,3,1000h_new,9
209317,4,1000h_new,8
209302,1,1h,10
209302,2,1h,5
209302,3,1h,7
209302,4,1h,8
209302,5,1h,9
209302,6,1h,6
209302,7,1h,7
209302,8,1h,11
209302,1,10h,4
209302,2,10h,0
209302,3,10h,3
209302,4,10h,2
209302,5,10h,3
209302,6,10h,2
209302,7,10h,2
209302,8,10h,3
209302,1,100h,5
209302,2,100h,2
209302,3,100h,2
209302,4,100h,5
209302,5,100h,3
209302,6,100h,0
209302,7,100h,1
209302,8,100h,2
209302,1,1000h_old,0
209302,2,1000h_old,0
209302,3,1000h_old,0
209302,4,1000h_old,0
209302,5,1000h_old,0
209302,6,1000h_old,0
209302,7,1000h_old,0
209302,1,1000h_new,0
209302,2,1000h_new,0
209302,3,1000h_new,0
209302,4,1000h_new,0
209302,5,1000h_new,0
209302,6,1000h_new,0
209302,7,1000h_new,0
209222,1,1h,20
209222,2,1h,15
209222,3,1h,16
209222,4,1h,26
209222,1,10h,5
209222,2,10h,11
209222,3,10h,12
209222,4,10h,6
209222,1,100h,7
209222,2,100h,2
209222,3,100h,1
209222,4,100h,1
209222,1,1000h_old,8
209222,2,1000h_old,9
209222,3,1000h_old,0
209222,4,1000h_old,0
209222,1,1000h_new,8
209222,2,1000h_new,0
209222,3,1000h_new,0
209222,4,1000h_new,0
209702,1,1h,21
209702,2,1h,16
209702,3,1h,9
209702,4,1h,16
209702,1,10h,9
209702,2,10h,9
209702,3,10h,4
209702,4,10h,6
209702,1,100h,1
209702,2,100h,3
209702,3,100h,0
209702,4,100h,6
209702,1,1000h_old,8
209702,2,1000h_old,9
209702,3,1000h_old,8
209702,4,1000h_old,8
209702,1,1000h_new,0
209702,2,1000h_new,0
209702,3,1000h_new,0
209702,4,1000h_new,0
209619,1,1h,17
209619,2,1h,14
209619,3,1h,26
209619,4,1h,24
209619,1,10h,4
209619,2,10h,4
209619,3,10h,12
209619,4,10h,1
209619,1,100h,1
209619,2,100h,5
209619,3,100h,4
209619,4,100h,0
209619,1,1000h_old,0
209619,2,1000h_old,0
209619,3,1000h_old,0
209619,4,1000h_old,0
209619,1,1000h_new,0
209619,2,1000h_new,0
209619,3,1000h_new,0
209619,4,1000h_new,0
209219,1,1h,24
209219,2,1h,34
209219,3,1h,23
209219,4,1h,54
209219,1,10h,8
209219,2,10h,15
209219,3,10h,2
209219,4,10h,16
209219,1,100h,2
209219,2,100h,0
209219,3,100h,1
209219,4,100h,3
209219,1,1000h_old,8
209219,2,1000h_old,0
209219,3,1000h_old,0
209219,4,1000h_old,0
209219,1,1000h_new,12
209219,2,1000h_new,0
209219,3,1000h_new,0
209219,4,1000h_new,0
209102,1,1h,18
209102,2,1h,25
209102,3,1h,14
209102,4,1h,18
209102,1,10h,3
209102,2,10h,12
209102,3,10h,5
209102,4,10h,6
209102,1,100h,1
209102,2,100h,10
209102,3,100h,1
209102,4,100h,2
209102,1,1000h_old,9
209102,2,1000h_old,0
209102,3,1000h_old,0
209102,4,1000h_old,0
209102,1,1000h_new,8
209102,2,1000h_new,0
209102,3,1000h_new,0
209102,4,1000h_new,0
209005,1,1h,18
209005,2,1h,26
209005,3,1h,16
209005,4,1h,13
209005,1,10h,1
209005,2,10h,5
209005,3,10h,8
209005,4,10h,3
209005,1,100h,0
209005,2,100h,4
209005,3,100h,13
209005,4,100h,4
209005,1,1000h_old,10.5
209005,2,1000h_old,9
209005,3,1000h_old,0
209005,4,1000h_old,0
209005,1,1000h_new,0
209005,2,1000h_new,0
209005,3,1000h_new,0
209005,4,1000h_new,0
209103,1,1h,26
209103,2,1h,18
209103,3,1h,11
209103,4,1h,21
209103,1,10h,17
209103,2,10h,6
209103,3,10h,7
209103,4,10h,8
209103,1,100h,4
209103,2,100h,5
209103,3,100h,6
209103,4,100h,2
209103,1,1000h_old,0
209103,2,1000h_old,0
209103,3,1000h_old,0
209103,4,1000h_old,0
209103,1,1000h_new,0
209103,2,1000h_new,0
209103,3,1000h_new,0
209103,4,1000h_new,0
208507,1,1h,35
208507,2,1h,23
208507,3,1h,27
208507,4,1h,22
208507,1,10h,5
208507,2,10h,4
208507,3,10h,5
208507,4,10h,4
208507,1,100h,2
208507,2,100h,4
208507,3,100h,2
208507,4,100h,2
208507,1,1000h_old,0
208507,2,1000h_old,0
208507,3,1000h_old,0
208507,4,1000h_old,0
208507,1,1000h_new,12
208507,2,1000h_new,0
208507,3,1000h_new,0
208507,4,1000h_new,0
211915,1,1h,27
211915,2,1h,23
211915,3,1h,12
211915,4,1h,22
211915,1,10h,5
211915,2,10h,4
211915,3,10h,9
211915,4,10h,4
211915,1,100h,6
211915,2,100h,12
211915,3,100h,0
211915,4,100h,3
211915,1,1000h_old,11
211915,2,1000h_old,0
211915,3,1000h_old,0
211915,4,1000h_old,0
211915,1,1000h_new,8
211915,2,1000h_new,9
211915,3,1000h_new,0
211915,4,1000h_new,0
211813,1,1h,11
211813,2,1h,16
211813,3,1h,10
211813,4,1h,15
211813,5,1h,19
211813,1,10h,2
211813,2,10h,10
211813,3,10h,4
211813,4,10h,7
211813,5,10h,6
211813,1,100h,1
211813,2,100h,12
211813,3,100h,2
211813,4,100h,3
211813,5,100h,3
211813,1,1000h_old,9
211813,2,1000h_old,10
211813,3,1000h_old,0
211813,4,1000h_old,0
211813,5,1000h_old,0
211813,1,1000h_new,0
211813,2,1000h_new,0
211813,3,1000h_new,0
211813,4,1000h_new,0
211813,5,1000h_new,0
212501,1,1h,21
212501,2,1h,19
212501,3,1h,16
212501,4,1h,23
212501,1,10h,3
212501,2,10h,4
212501,3,10h,3
212501,4,10h,5
212501,1,100h,4
212501,2,100h,3
212501,3,100h,2
212501,4,100h,1
212501,1,1000h_old,18
212501,2,1000h_old,0
212501,3,1000h_old,0
212501,4,1000h_old,0
212501,1,1000h_new,0
212501,2,1000h_new,0
212501,3,1000h_new,0
212501,4,1000h_new,0
212407,1,1h,25
212407,2,1h,12
212407,3,1h,13
212407,4,1h,15
212407,5,1h,14
212407,1,10h,6
212407,2,10h,3
212407,3,10h,2
212407,4,10h,4
212407,5,10h,4
212407,1,100h,2
212407,2,100h,1
212407,3,100h,1
212407,4,100h,7
212407,5,100h,3
212407,1,1000h_old,8
212407,2,1000h_old,15
212407,3,1000h_old,16
212407,4,1000h_old,15
212407,5,1000h_old,0
212407,1,1000h_new,0
212407,2,1000h_new,0
212407,3,1000h_new,0
212407,4,1000h_new,0
212407,5,1000h_new,0
211815,1,1h,16
211815,2,1h,18
211815,3,1h,19
211815,4,1h,15
211815,5,1h,10
211815,1,10h,6
211815,2,10h,3
211815,3,10h,4
211815,4,10h,3
211815,5,10h,5
211815,1,100h,4
211815,2,100h,2
211815,3,100h,3
211815,4,100h,1
211815,5,100h,3
211815,1,1000h_old,14
211815,2,1000h_old,24
211815,3,1000h_old,9
211815,4,1000h_old,10
211815,5,1000h_old,0
211815,1,1000h_new,0
211815,2,1000h_new,0
211815,3,1000h_new,0
211815,4,1000h_new,0
211815,5,1000h_new,0
211810,1,1h,19
211810,2,1h,12
211810,3,1h,16
211810,4,1h,19
211810,5,1h,14
211810,1,10h,5
211810,2,10h,4
211810,3,10h,9
211810,4,10h,6
211810,5,10h,5
211810,1,100h,2
211810,2,100h,4
211810,3,100h,2
211810,4,100h,2
211810,5,100h,4
211810,1,1000h_old,8
211810,2,1000h_old,24
211810,3,1000h_old,0
211810,4,1000h_old,0
211810,5,1000h_old,0
211810,1,1000h_new,0
211810,2,1000h_new,0
211810,3,1000h_new,0
211810,4,1000h_new,0
211810,5,1000h_new,0
211801,1,1h,11
211801,2,1h,14
211801,3,1h,10
211801,4,1h,19
211801,5,1h,7
211801,6,1h,9
211801,1,10h,2
211801,2,10h,4
211801,3,10h,2
211801,4,10h,6
211801,5,10h,2
211801,6,10h,4
211801,1,100h,2
211801,2,100h,2
211801,3,100h,3
211801,4,100h,4
211801,5,100h,4
211801,6,100h,1
211801,1,1000h_old,8
211801,2,1000h_old,9
211801,3,1000h_old,24
211801,4,1000h_old,12.5
211801,5,1000h_old,0
211801,6,1000h_old,0
211801,1,1000h_new,15
211801,2,1000h_new,0
211801,3,1000h_new,0
211801,4,1000h_new,0
211801,5,1000h_new,0
211801,6,1000h_new,0
211004,1,1h,9
211004,2,1h,20
211004,3,1h,31
211004,4,1h,9
211004,1,10h,8
211004,2,10h,8
211004,3,10h,4
211004,4,10h,3
211004,1,100h,9
211004,2,100h,1
211004,3,100h,2
211004,4,100h,1
211004,1,1000h_old,10
211004,2,1000h_old,11
211004,3,1000h_old,0
211004,4,1000h_old,0
211004,1,1000h_new,8
211004,2,1000h_new,0
211004,3,1000h_new,0
211004,4,1000h_new,0
211707,1,1h,15
211707,2,1h,11
211707,3,1h,16
211707,4,1h,11
211707,5,1h,6
211707,6,1h,8
211707,7,1h,17
211707,1,10h,3
211707,2,10h,2
211707,3,10h,7
211707,4,10h,5
211707,5,10h,2
211707,6,10h,1
211707,7,10h,2
211707,1,100h,2
211707,2,100h,0
211707,3,100h,6
211707,4,100h,0
211707,5,100h,0
211707,6,100h,0
211707,7,100h,0
211707,1,1000h_old,0
211707,2,1000h_old,0
211707,3,1000h_old,0
211707,4,1000h_old,0
211707,5,1000h_old,0
211707,6,1000h_old,0
211707,7,1000h_old,0
211707,1,1000h_new,0
211707,2,1000h_new,0
211707,3,1000h_new,0
211707,4,1000h_new,0
211707,5,1000h_new,0
211707,6,1000h_new,0
211707,7,1000h_new,0
210805,1,1h,46
210805,2,1h,14
210805,3,1h,16
210805,4,1h,14
210805,1,10h,8
210805,2,10h,3
210805,3,10h,8
210805,4,10h,5
210805,1,100h,1
210805,2,100h,2
210805,3,100h,4
210805,4,100h,3
210805,1,1000h_old,8
210805,2,1000h_old,9
210805,3,1000h_old,8
210805,4,1000h_old,0
210805,1,1000h_new,0
210805,2,1000h_new,0
210805,3,1000h_new,0
210805,4,1000h_new,0
214014,1,1h,27
214014,2,1h,10
214014,3,1h,18
214014,4,1h,11
214014,5,1h,15
214014,6,1h,17
214014,1,10h,5
214014,2,10h,1
214014,3,10h,3
214014,4,10h,2
214014,5,10h,5
214014,6,10h,1
214014,1,100h,0
214014,2,100h,0
214014,3,100h,0
214014,4,100h,0
214014,5,100h,1
214014,6,100h,0
214014,1,1000h_old,0
214014,2,1000h_old,0
214014,3,1000h_old,0
214014,4,1000h_old,0
214014,5,1000h_old,0
214014,6,1000h_old,0
214014,1,1000h_new,0
214014,2,1000h_new,0
214014,3,1000h_new,0
214014,4,1000h_new,0
214014,5,1000h_new,0
214014,6,1000h_new,0
215406,1,1h,20
215406,2,1h,14
215406,3,1h,12
215406,4,1h,16
215406,5,1h,19
215406,1,10h,4
215406,2,10h,3
215406,3,10h,2
215406,4,10h,2
215406,5,10h,2
215406,1,100h,2
215406,2,100h,1
215406,3,100h,3
215406,4,100h,0
215406,5,100h,4
215406,1,1000h_old,24
215406,2,1000h_old,13.5
215406,3,1000h_old,0
215406,4,1000h_old,0
215406,5,1000h_old,0
215406,1,1000h_new,0
215406,2,1000h_new,0
215406,3,1000h_new,0
215406,4,1000h_new,0
215406,5,1000h_new,0
215417,1,1h,14
215417,2,1h,7
215417,3,1h,15
215417,4,1h,18
215417,5,1h,20
215417,1,10h,5
215417,2,10h,6
215417,3,10h,12
215417,4,10h,5
215417,5,10h,8
215417,1,100h,1
215417,2,100h,3
215417,3,100h,0
215417,4,100h,1
215417,5,100h,1
215417,1,1000h_old,10
215417,2,1000h_old,0
215417,3,1000h_old,0
215417,4,1000h_old,0
215417,5,1000h_old,0
215417,1,1000h_new,16
215417,2,1000h_new,0
215417,3,1000h_new,0
215417,4,1000h_new,0
215417,5,1000h_new,0
217116,1,1h,14
217116,2,1h,18
217116,3,1h,12
217116,4,1h,11
217116,1,10h,11
217116,2,10h,6
217116,3,10h,8
217116,4,10h,5
217116,1,100h,10
217116,2,100h,2
217116,3,100h,5
217116,4,100h,2
217116,1,1000h_old,0
217116,2,1000h_old,0
217116,3,1000h_old,0
217116,4,1000h_old,0
217116,1,1000h_new,0
217116,2,1000h_new,0
217116,3,1000h_new,0
217116,4,1000h_new,0
218703,1,1h,18
218703,2,1h,11
218703,3,1h,23
218703,4,1h,13
218703,1,10h,9
218703,2,10h,5
218703,3,10h,7
218703,4,10h,5
218703,1,100h,5
218703,2,100h,4
218703,3,100h,10
218703,4,100h,5
218703,1,1000h_old,9
218703,2,1000h_old,0
218703,3,1000h_old,0
218703,4,1000h_old,0
218703,1,1000h_new,8
218703,2,1000h_new,0
218703,3,1000h_new,0
218703,4,1000h_new,0
218712,1,1h,26
218712,2,1h,16
218712,3,1h,20
218712,4,1h,13
218712,1,10h,7
218712,2,10h,4
218712,3,10h,6
218712,4,10h,4
218712,1,100h,2
218712,2,100h,4
218712,3,100h,2
218712,4,100h,3
218712,1,1000h_old,0
218712,2,1000h_old,0
218712,3,1000h_old,0
218712,4,1000h_old,0
218712,1,1000h_new,0
218712,2,1000h_new,0
218712,3,1000h_new,0
218712,4,1000h_new,0
218610,1,1h,22
218610,2,1h,23
218610,3,1h,11
218610,4,1h,19
218610,1,10h,8
218610,2,10h,4
218610,3,10h,3
218610,4,10h,5
218610,1,100h,3
218610,2,100h,5
218610,3,100h,2
218610,4,100h,3
218610,1,1000h_old,0
218610,2,1000h_old,0
218610,3,1000h_old,0
218610,4,1000h_old,0
218610,1,1000h_new,0
218610,2,1000h_new,0
218610,3,1000h_new,0
218610,4,1000h_new,0
217002,1,1h,28
217002,2,1h,19
217002,3,1h,22
217002,4,1h,13
217002,1,10h,8
217002,2,10h,3
217002,3,10h,6
217002,4,10h,2
217002,1,100h,6
217002,2,100h,1
217002,3,100h,1
217002,4,100h,1
217002,1,1000h_old,8
217002,2,1000h_old,0
217002,3,1000h_old,0
217002,4,1000h_old,0
217002,1,1000h_new,0
217002,2,1000h_new,0
217002,3,1000h_new,0
217002,4,1000h_new,0
533528,1,1h,79
533528,2,1h,11
533528,3,1h,26
533528,4,1h,65
533528,1,10h,2
533528,2,10h,2
533528,3,10h,2
533528,4,10h,3
533528,1,100h,0
533528,2,100h,1
533528,3,100h,0
533528,4,100h,0
533528,1,1000h_old,0
533528,2,1000h_old,0
533528,3,1000h_old,0
533528,4,1000h_old,0
533528,1,1000h_new,12
533528,2,1000h_new,0
533528,3,1000h_new,0
533528,4,1000h_new,0
554722,1,1h,11
554722,2,1h,38
554722,3,1h,62
554722,4,1h,14
554722,1,10h,1
554722,2,10h,2
554722,3,10h,6
554722,4,10h,2
554722,1,100h,0
554722,2,100h,1
554722,3,100h,0
554722,4,100h,0
554722,1,1000h_old,0
554722,2,1000h_old,0
554722,3,1000h_old,0
554722,4,1000h_old,0
554722,1,1000h_new,0
554722,2,1000h_new,0
554722,3,1000h_new,0
554722,4,1000h_new,0
525610,1,1h,20
525610,2,1h,35
525610,3,1h,11
525610,4,1h,16
525610,1,10h,6
525610,2,10h,11
525610,3,10h,2
525610,4,10h,0
525610,1,100h,1
525610,2,100h,0
525610,3,100h,0
525610,4,100h,2
525610,1,1000h_old,0
525610,2,1000h_old,0
525610,3,1000h_old,0
525610,4,1000h_old,0
525610,1,1000h_new,0
525610,2,1000h_new,0
525610,3,1000h_new,0
525610,4,1000h_new,0
558212,1,1h,42
558212,2,1h,22
558212,3,1h,31
558212,4,1h,45
558212,1,10h,1
558212,2,10h,1
558212,3,10h,0
558212,4,10h,2
558212,1,100h,0
558212,2,100h,0
558212,3,100h,0
558212,4,100h,0
558212,1,1000h_old,0
558212,2,1000h_old,0
558212,3,1000h_old,0
558212,4,1000h_old,0
558212,1,1000h_new,0
558212,2,1000h_new,0
558212,3,1000h_new,0
558212,4,1000h_new,0
534202,1,1h,27
534202,2,1h,22
534202,3,1h,38
534202,4,1h,28
534202,1,10h,1
534202,2,10h,1
534202,3,10h,4
534202,4,10h,0
534202,1,100h,0
534202,2,100h,1
534202,3,100h,1
534202,4,100h,4
534202,1,1000h_old,10
534202,2,1000h_old,0
534202,3,1000h_old,0
534202,4,1000h_old,0
534202,1,1000h_new,0
534202,2,1000h_new,0
534202,3,1000h_new,0
534202,4,1000h_new,0
558217,1,1h,45
558217,2,1h,22
558217,3,1h,16
558217,4,1h,15
558217,5,1h,19
558217,1,10h,1
558217,2,10h,0
558217,3,10h,0
558217,4,10h,0
558217,5,10h,0
558217,1,100h,0
558217,2,100h,0
558217,3,100h,0
558217,4,100h,0
558217,5,100h,0
558217,1,1000h_old,0
558217,2,1000h_old,0
558217,3,1000h_old,0
558217,4,1000h_old,0
558217,5,1000h_old,0
558217,1,1000h_new,0
558217,2,1000h_new,0
558217,3,1000h_new,0
558217,4,1000h_new,0
558217,5,1000h_new,0
533802,1,1h,22
533802,2,1h,34
533802,3,1h,30
533802,4,1h,43
533802,1,10h,2
533802,2,10h,0
533802,3,10h,2
533802,4,10h,4
533802,1,100h,0
533802,2,100h,0
533802,3,100h,2
533802,4,100h,0
533802,1,1000h_old,9.5
533802,2,1000h_old,0
533802,3,1000h_old,0
533802,4,1000h_old,0
533802,1,1000h_new,0
533802,2,1000h_new,0
533802,3,1000h_new,0
533802,4,1000h_new,0
533807,1,1h,24
533807,2,1h,28
533807,3,1h,37
533807,4,1h,15
533807,1,10h,2
533807,2,10h,2
533807,3,10h,5
533807,4,10h,1
533807,1,100h,1
533807,2,100h,1
533807,3,100h,1
533807,4,100h,1
533807,1,1000h_old,0
533807,2,1000h_old,0
533807,3,1000h_old,0
533807,4,1000h_old,0
533807,1,1000h_new,0
533807,2,1000h_new,0
533807,3,1000h_new,0
533807,4,1000h_new,0
534703,1,1h,26
534703,2,1h,18
534703,3,1h,32
534703,4,1h,28
534703,1,10h,0
534703,2,10h,1
534703,3,10h,1
534703,4,10h,1
534703,1,100h,0
534703,2,100h,0
534703,3,100h,0
534703,4,100h,0
534703,1,1000h_old,0
534703,2,1000h_old,0
534703,3,1000h_old,0
534703,4,1000h_old,0
534703,1,1000h_new,0
534703,2,1000h_new,0
534703,3,1000h_new,0
534703,4,1000h_new,0
534801,1,1h,16
534801,2,1h,27
534801,3,1h,22
534801,4,1h,30
534801,5,1h,22
534801,1,10h,2
534801,2,10h,2
534801,3,10h,0
534801,4,10h,0
534801,5,10h,1
534801,1,100h,0
534801,2,100h,0
534801,3,100h,0
534801,4,100h,0
534801,5,100h,0
534801,1,1000h_old,0
534801,2,1000h_old,0
534801,3,1000h_old,0
534801,4,1000h_old,0
534801,5,1000h_old,0
534801,1,1000h_new,0
534801,2,1000h_new,0
534801,3,1000h_new,0
534801,4,1000h_new,0
534801,5,1000h_new,0
534001,1,1h,18
534001,2,1h,19
534001,3,1h,29
534001,4,1h,37
534001,1,10h,1
534001,2,10h,1
534001,3,10h,1
534001,4,10h,0
534001,1,100h,1
534001,2,100h,0
534001,3,100h,1
534001,4,100h,2
534001,1,1000h_old,0
534001,2,1000h_old,0
534001,3,1000h_old,0
534001,4,1000h_old,0
534001,1,1000h_new,0
534001,2,1000h_new,0
534001,3,1000h_new,0
534001,4,1000h_new,0
533419,1,1h,40
533419,2,1h,19
533419,3,1h,42
533419,4,1h,39
533419,1,10h,0
533419,2,10h,0
533419,3,10h,4
533419,4,10h,0
533419,1,100h,0
533419,2,100h,0
533419,3,100h,0
533419,4,100h,0
533419,1,1000h_old,0
533419,2,1000h_old,0
533419,3,1000h_old,0
533419,4,1000h_old,0
533419,1,1000h_new,0
533419,2,1000h_new,0
533419,3,1000h_new,0
533419,4,1000h_new,0
534402,1,1h,26
534402,2,1h,30
534402,3,1h,53
534402,4,1h,22
534402,1,10h,6
534402,2,10h,2
534402,3,10h,2
534402,4,10h,0
534402,1,100h,2
534402,2,100h,2
534402,3,100h,0
534402,4,100h,0
534402,1,1000h_old,17
534402,2,1000h_old,0
534402,3,1000h_old,0
534402,4,1000h_old,0
534402,1,1000h_new,0
534402,2,1000h_new,0
534402,3,1000h_new,0
534402,4,1000h_new,0
554724,1,1h,29
554724,2,1h,40
554724,3,1h,24
554724,4,1h,16
554724,1,10h,0
554724,2,10h,6
554724,3,10h,6
554724,4,10h,2
554724,1,100h,3
554724,2,100h,1
554724,3,100h,0
554724,4,100h,2
554724,1,1000h_old,0
554724,2,1000h_old,0
554724,3,1000h_old,0
554724,4,1000h_old,0
554724,1,1000h_new,0
554724,2,1000h_new,0
554724,3,1000h_new,0
554724,4,1000h_new,0
556507,1,1h,20
556507,2,1h,13
556507,3,1h,11
556507,4,1h,13
556507,5,1h,21
556507,6,1h,19
556507,1,10h,0
556507,2,10h,1
556507,3,10h,0
556507,4,10h,2
556507,5,10h,0
556507,6,10h,1
556507,1,100h,1
556507,2,100h,1
556507,3,100h,0
556507,4,100h,0
556507,5,100h,1
556507,6,100h,0
556507,1,1000h_old,0
556507,2,1000h_old,0
556507,3,1000h_old,0
556507,4,1000h_old,0
556507,5,1000h_old,0
556507,6,1000h_old,0
556507,1,1000h_new,0
556507,2,1000h_new,0
556507,3,1000h_new,0
556507,4,1000h_new,0
556507,5,1000h_new,0
556507,6,1000h_new,0
538301,1,1h,5
538301,2,1h,20
538301,3,1h,19
538301,4,1h,22
538301,5,1h,7
538301,6,1h,12
538301,7,1h,7
538301,8,1h,12
538301,1,10h,0
538301,2,10h,1
538301,3,10h,0
538301,4,10h,1
538301,5,10h,0
538301,6,10h,2
538301,7,10h,0
538301,8,10h,1
538301,1,100h,0
538301,2,100h,1
538301,3,100h,0
538301,4,100h,1
538301,5,100h,0
538301,6,100h,1
538301,7,100h,0
538301,8,100h,1
538301,1,1000h_old,0
538301,2,1000h_old,0
538301,3,1000h_old,0
538301,4,1000h_old,0
538301,5,1000h_old,0
538301,6,1000h_old,0
538301,7,1000h_old,0
538301,8,1000h_old,1
538301,1,1000h_new,0
538301,2,1000h_new,0
538301,3,1000h_new,0
538301,4,1000h_new,0
538301,5,1000h_new,0
538301,6,1000h_new,0
538301,7,1000h_new,0
538301,8,1000h_new,1
541305,1,1h,29
541305,2,1h,9
541305,3,1h,17
541305,4,1h,28
541305,5,1h,24
541305,1,10h,1
541305,2,10h,0
541305,3,10h,0
541305,4,10h,0
541305,5,10h,0
541305,1,100h,0
541305,2,100h,0
541305,3,100h,0
541305,4,100h,0
541305,5,100h,0
541305,1,1000h_old,0
541305,2,1000h_old,0
541305,3,1000h_old,0
541305,4,1000h_old,0
541305,5,1000h_old,0
541305,1,1000h_new,0
541305,2,1000h_new,0
541305,3,1000h_new,0
541305,4,1000h_new,0
541305,5,1000h_new,0
541301,1,1h,27
541301,2,1h,54
541301,3,1h,34
541301,4,1h,52
541301,1,10h,1
541301,2,10h,4
541301,3,10h,3
541301,4,10h,4
541301,1,100h,0
541301,2,100h,1
541301,3,100h,0
541301,4,100h,1
541301,1,1000h_old,0
541301,2,1000h_old,0
541301,3,1000h_old,0
541301,4,1000h_old,0
541301,1,1000h_new,0
541301,2,1000h_new,0
541301,3,1000h_new,0
541301,4,1000h_new,0
541203,1,1h,23
541203,2,1h,34
541203,3,1h,25
541203,4,1h,40
541203,1,10h,4
541203,2,10h,2
541203,3,10h,0
541203,4,10h,3
541203,1,100h,1
541203,2,100h,0
541203,3,100h,0
541203,4,100h,0
541203,1,1000h_old,0
541203,2,1000h_old,0
541203,3,1000h_old,0
541203,4,1000h_old,0
541203,1,1000h_new,0
541203,2,1000h_new,0
541203,3,1000h_new,0
541203,4,1000h_new,0
542609,1,1h,23
542609,2,1h,33
542609,3,1h,18
542609,4,1h,12
542609,5,1h,22
542609,1,10h,0
542609,2,10h,0
542609,3,10h,2
542609,4,10h,3
542609,5,10h,1
542609,1,100h,1
542609,2,100h,0
542609,3,100h,1
542609,4,100h,1
542609,5,100h,0
542609,1,1000h_old,0
542609,2,1000h_old,0
542609,3,1000h_old,0
542609,4,1000h_old,0
542609,5,1000h_old,0
542609,1,1000h_new,0
542609,2,1000h_new,0
542609,3,1000h_new,0
542609,4,1000h_new,0
542609,5,1000h_new,0
556710,1,1h,38
556710,2,1h,51
556710,3,1h,31
556710,4,1h,40
556710,1,10h,1
556710,2,10h,1
556710,3,10h,4
556710,4,10h,3
556710,1,100h,3
556710,2,100h,0
556710,3,100h,2
556710,4,100h,2
556710,1,1000h_old,0
556710,2,1000h_old,0
556710,3,1000h_old,0
556710,4,1000h_old,0
556710,1,1000h_new,0
556710,2,1000h_new,0
556710,3,1000h_new,0
556710,4,1000h_new,0
556704,1,1h,35
556704,2,1h,38
556704,3,1h,21
556704,4,1h,40
556704,1,10h,1
556704,2,10h,0
556704,3,10h,0
556704,4,10h,0
556704,1,100h,0
556704,2,100h,0
556704,3,100h,0
556704,4,100h,0
556704,1,1000h_old,12
556704,2,1000h_old,0
556704,3,1000h_old,0
556704,4,1000h_old,0
556704,1,1000h_new,0
556704,2,1000h_new,0
556704,3,1000h_new,0
556704,4,1000h_new,0
558311,1,1h,18
558311,2,1h,15
558311,3,1h,28
558311,4,1h,9
558311,5,1h,17
558311,1,10h,4
558311,2,10h,2
558311,3,10h,5
558311,4,10h,4
558311,5,10h,8
558311,1,100h,0
558311,2,100h,0
558311,3,100h,2
558311,4,100h,0
558311,5,100h,3
558311,1,1000h_old,14.3
558311,2,1000h_old,16
558311,3,1000h_old,0
558311,4,1000h_old,0
558311,5,1000h_old,0
558311,1,1000h_new,0
558311,2,1000h_new,0
558311,3,1000h_new,0
558311,4,1000h_new,0
558311,5,1000h_new,0
538303,1,1h,32
538303,2,1h,29
538303,3,1h,37
538303,4,1h,16
538303,1,10h,3
538303,2,10h,0
538303,3,10h,3
538303,4,10h,0
538303,1,100h,0
538303,2,100h,0
538303,3,100h,0
538303,4,100h,0
538303,1,1000h_old,0
538303,2,1000h_old,0
538303,3,1000h_old,0
538303,4,1000h_old,0
538303,1,1000h_new,36
538303,2,1000h_new,0
538303,3,1000h_new,0
538303,4,1000h_new,0
207303,1,1h,22
207303,2,1h,28
207303,3,1h,55
207303,4,1h,17
207303,1,10h,0
207303,2,10h,1
207303,3,10h,1
207303,4,10h,0
207303,1,100h,0
207303,2,100h,0
207303,3,100h,0
207303,4,100h,0
207303,1,1000h_old,0
207303,2,1000h_old,0
207303,3,1000h_old,0
207303,4,1000h_old,0
207303,1,1000h_new,0
207303,2,1000h_new,0
207303,3,1000h_new,0
207303,4,1000h_new,0
533617,1,1h,72
533617,2,1h,27
533617,3,1h,70
533617,4,1h,118
533617,1,10h,5
533617,2,10h,1
533617,3,10h,1
533617,4,10h,0
533617,1,100h,0
533617,2,100h,0
533617,3,100h,2
533617,4,100h,2
533617,1,1000h_old,0
533617,2,1000h_old,0
533617,3,1000h_old,0
533617,4,1000h_old,0
533617,1,1000h_new,0
533617,2,1000h_new,0
533617,3,1000h_new,0
533617,4,1000h_new,0
206708,1,1h,73
206708,2,1h,35
206708,3,1h,38
206708,4,1h,49
206708,1,10h,7
206708,2,10h,4
206708,3,10h,3
206708,4,10h,4
206708,1,100h,2
206708,2,100h,1
206708,3,100h,1
206708,4,100h,2
206708,1,1000h_old,0
206708,2,1000h_old,0
206708,3,1000h_old,0
206708,4,1000h_old,0
206708,1,1000h_new,8.5
206708,2,1000h_new,17
206708,3,1000h_new,13
206708,4,1000h_new,0
524917,1,1h,105
524917,2,1h,54
524917,3,1h,112
524917,4,1h,127
524917,1,10h,0
524917,2,10h,0
524917,3,10h,0
524917,4,10h,1
524917,1,100h,0
524917,2,100h,0
524917,3,100h,0
524917,4,100h,0
524917,1,1000h_old,0
524917,2,1000h_old,0
524917,3,1000h_old,0
524917,4,1000h_old,0
524917,1,1000h_new,0
524917,2,1000h_new,0
524917,3,1000h_new,0
524917,4,1000h_new,0
525920,1,1h,16
525920,2,1h,3
525920,3,1h,7
525920,4,1h,11
525920,5,1h,13
525920,6,1h,23
525920,7,1h,22
525920,8,1h,10
525920,1,10h,1
525920,2,10h,0
525920,3,10h,0
525920,4,10h,0
525920,5,10h,0
525920,6,10h,0
525920,7,10h,0
525920,8,10h,1
525920,1,100h,0
525920,2,100h,0
525920,3,100h,0
525920,4,100h,0
525920,5,100h,0
525920,6,100h,0
525920,7,100h,0
525920,8,100h,0
525920,1,1000h_old,0
525920,2,1000h_old,0
525920,3,1000h_old,0
525920,4,1000h_old,0
525920,5,1000h_old,0
525920,6,1000h_old,0
525920,7,1000h_old,0
525920,8,1000h_old,0
525920,1,1000h_new,0
525920,2,1000h_new,0
525920,3,1000h_new,0
525920,4,1000h_new,0
525920,5,1000h_new,0
525920,6,1000h_new,0
525920,7,1000h_new,0
525920,8,1000h_new,1
527207,1,1h,106
527207,2,1h,74
527207,3,1h,96
527207,4,1h,87
527207,1,10h,0
527207,2,10h,2
527207,3,10h,4
527207,4,10h,5
527207,1,100h,0
527207,2,100h,0
527207,3,100h,0
527207,4,100h,0
527207,1,1000h_old,0
527207,2,1000h_old,0
527207,3,1000h_old,0
527207,4,1000h_old,0
527207,1,1000h_new,0
527207,2,1000h_new,0
527207,3,1000h_new,0
527207,4,1000h_new,0
205522,1,1h,33
205522,2,1h,14
205522,3,1h,30
205522,4,1h,23
205522,1,10h,4
205522,2,10h,2
205522,3,10h,7
205522,4,10h,8
205522,1,100h,0
205522,2,100h,0
205522,3,100h,1
205522,4,100h,0
205522,1,1000h_old,10
205522,2,1000h_old,0
205522,3,1000h_old,0
205522,4,1000h_old,0
205522,1,1000h_new,0
205522,2,1000h_new,0
205522,3,1000h_new,0
205522,4,1000h_new,0
535902,1,1h,34
535902,2,1h,17
535902,3,1h,38
535902,4,1h,18
535902,1,10h,0
535902,2,10h,2
535902,3,10h,1
535902,4,10h,1
535902,1,100h,0
535902,2,100h,0
535902,3,100h,1
535902,4,100h,0
535902,1,1000h_old,37
535902,2,1000h_old,0
535902,3,1000h_old,0
535902,4,1000h_old,0
535902,1,1000h_new,0
535902,2,1000h_new,0
535902,3,1000h_new,0
535902,4,1000h_new,0
534901,1,1h,19
534901,2,1h,30
534901,3,1h,21
534901,4,1h,38
534901,1,10h,0
534901,2,10h,2
534901,3,10h,1
534901,4,10h,0
534901,1,100h,0
534901,2,100h,1
534901,3,100h,0
534901,4,100h,0
534901,1,1000h_old,8.5
534901,2,1000h_old,0
534901,3,1000h_old,0
534901,4,1000h_old,0
534901,1,1000h_new,0
534901,2,1000h_new,0
534901,3,1000h_new,0
534901,4,1000h_new,0
533117,1,1h,18
533117,2,1h,25
533117,3,1h,23
533117,4,1h,45
533117,1,10h,0
533117,2,10h,0
533117,3,10h,2
533117,4,10h,1
533117,1,100h,0
533117,2,100h,0
533117,3,100h,0
533117,4,100h,0
533117,1,1000h_old,0
533117,2,1000h_old,0
533117,3,1000h_old,0
533117,4,1000h_old,0
533117,1,1000h_new,0
533117,2,1000h_new,0
533117,3,1000h_new,0
533117,4,1000h_new,0
534420,1,1h,5
534420,2,1h,39
534420,3,1h,22
534420,4,1h,7
534420,5,1h,51
534420,1,10h,0
534420,2,10h,4
534420,3,10h,2
534420,4,10h,0
534420,5,10h,0
534420,1,100h,0
534420,2,100h,0
534420,3,100h,1
534420,4,100h,0
534420,5,100h,0
534420,1,1000h_old,17
534420,2,1000h_old,16
534420,3,1000h_old,60
534420,4,1000h_old,0
534420,5,1000h_old,0
534420,1,1000h_new,0
534420,2,1000h_new,0
534420,3,1000h_new,0
534420,4,1000h_new,0
534420,5,1000h_new,0
533508,1,1h,21
533508,2,1h,34
533508,3,1h,26
533508,4,1h,26
533508,1,10h,8
533508,2,10h,3
533508,3,10h,4
533508,4,10h,2
533508,1,100h,2
533508,2,100h,1
533508,3,100h,1
533508,4,100h,0
533508,1,1000h_old,0
533508,2,1000h_old,0
533508,3,1000h_old,0
533508,4,1000h_old,0
533508,1,1000h_new,0
533508,2,1000h_new,0
533508,3,1000h_new,0
533508,4,1000h_new,0
541303,1,1h,30
541303,2,1h,39
541303,3,1h,28
541303,4,1h,41
541303,1,10h,6
541303,2,10h,4
541303,3,10h,2
541303,4,10h,0
541303,1,100h,1
541303,2,100h,4
541303,3,100h,0
541303,4,100h,0
541303,1,1000h_old,0
541303,2,1000h_old,0
541303,3,1000h_old,0
541303,4,1000h_old,0
541303,1,1000h_new,0
541303,2,1000h_new,0
541303,3,1000h_new,0
541303,4,1000h_new,0
554725,1,1h,30
554725,2,1h,15
554725,3,1h,20
554725,4,1h,13
554725,5,1h,25
554725,1,10h,1
554725,2,10h,4
554725,3,10h,2
554725,4,10h,2
554725,5,10h,2
554725,1,100h,1
554725,2,100h,0
554725,3,100h,0
554725,4,100h,0
554725,5,100h,1
554725,1,1000h_old,0
554725,2,1000h_old,0
554725,3,1000h_old,0
554725,4,1000h_old,0
554725,5,1000h_old,0
554725,1,1000h_new,11
554725,2,1000h_new,0
554725,3,1000h_new,0
554725,4,1000h_new,0
554725,5,1000h_new,0
558106,1,1h,37
558106,2,1h,23
558106,3,1h,31
558106,4,1h,20
558106,1,10h,2
558106,2,10h,0
558106,3,10h,3
558106,4,10h,1
558106,1,100h,1
558106,2,100h,0
558106,3,100h,0
558106,4,100h,0
558106,1,1000h_old,0
558106,2,1000h_old,0
558106,3,1000h_old,0
558106,4,1000h_old,0
558106,1,1000h_new,0
558106,2,1000h_new,0
558106,3,1000h_new,0
558106,4,1000h_new,0
206202,1,1h,11
206202,2,1h,29
206202,3,1h,19
206202,4,1h,35
206202,1,10h,2
206202,2,10h,0
206202,3,10h,0
206202,4,10h,6
206202,1,100h,0
206202,2,100h,0
206202,3,100h,0
206202,4,100h,0
206202,1,1000h_old,9.5
206202,2,1000h_old,0
206202,3,1000h_old,0
206202,4,1000h_old,0
206202,1,1000h_new,0
206202,2,1000h_new,0
206202,3,1000h_new,0
206202,4,1000h_new,0
534706,1,1h,54
534706,2,1h,13
534706,3,1h,10
534706,4,1h,22
534706,5,1h,10
534706,1,10h,0
534706,2,10h,0
534706,3,10h,0
534706,4,10h,0
534706,5,10h,2
534706,1,100h,0
534706,2,100h,0
534706,3,100h,0
534706,4,100h,0
534706,5,100h,1
534706,1,1000h_old,0
534706,2,1000h_old,0
534706,3,1000h_old,0
534706,4,1000h_old,0
534706,5,1000h_old,0
534706,1,1000h_new,0
534706,2,1000h_new,0
534706,3,1000h_new,0
534706,4,1000h_new,0
534706,5,1000h_new,0
530906,1,1h,16
530906,2,1h,32
530906,3,1h,43
530906,4,1h,38
530906,1,10h,0
530906,2,10h,5
530906,3,10h,0
530906,4,10h,1
530906,1,100h,0
530906,2,100h,0
530906,3,100h,1
530906,4,100h,0
530906,1,1000h_old,0
530906,2,1000h_old,0
530906,3,1000h_old,0
530906,4,1000h_old,0
530906,1,1000h_new,0
530906,2,1000h_new,0
530906,3,1000h_new,0
530906,4,1000h_new,0
531002,1,1h,17
531002,2,1h,34
531002,3,1h,11
531002,4,1h,32
531002,5,1h,23
531002,1,10h,0
531002,2,10h,0
531002,3,10h,0
531002,4,10h,1
531002,5,10h,0
531002,1,100h,0
531002,2,100h,0
531002,3,100h,1
531002,4,100h,0
531002,5,100h,0
531002,1,1000h_old,0
531002,2,1000h_old,0
531002,3,1000h_old,0
531002,4,1000h_old,0
531002,5,1000h_old,0
531002,1,1000h_new,0
531002,2,1000h_new,0
531002,3,1000h_new,0
531002,4,1000h_new,0
531002,5,1000h_new,0
531008,1,1h,29
531008,2,1h,35
531008,3,1h,15
531008,4,1h,10
531008,1,10h,9
531008,2,10h,14
531008,3,10h,3
531008,4,10h,1
531008,1,100h,10
531008,2,100h,3
531008,3,100h,2
531008,4,100h,2
531008,1,1000h_old,0
531008,2,1000h_old,0
531008,3,1000h_old,0
531008,4,1000h_old,0
531008,1,1000h_new,0
531008,2,1000h_new,0
531008,3,1000h_new,0
531008,4,1000h_new,0
529821,1,1h,58
529821,2,1h,61
529821,3,1h,48
529821,4,1h,15
529821,1,10h,0
529821,2,10h,0
529821,3,10h,0
529821,4,10h,0
529821,1,100h,1
529821,2,100h,3
529821,3,100h,1
529821,4,100h,0
529821,1,1000h_old,8.5
529821,2,1000h_old,0
529821,3,1000h_old,0
529821,4,1000h_old,0
529821,1,1000h_new,0
529821,2,1000h_new,0
529821,3,1000h_new,0
529821,4,1000h_new,0
529714,1,1h,36
529714,2,1h,21
529714,3,1h,27
529714,4,1h,19
529714,1,10h,0
529714,2,10h,2
529714,3,10h,0
529714,4,10h,0
529714,1,100h,1
529714,2,100h,0
529714,3,100h,0
529714,4,100h,0
529714,1,1000h_old,0
529714,2,1000h_old,0
529714,3,1000h_old,0
529714,4,1000h_old,0
529714,1,1000h_new,0
529714,2,1000h_new,0
529714,3,1000h_new,0
529714,4,1000h_new,0
529702,1,1h,28
529702,2,1h,29
529702,3,1h,24
529702,4,1h,34
529702,1,10h,1
529702,2,10h,2
529702,3,10h,0
529702,4,10h,0
529702,1,100h,0
529702,2,100h,1
529702,3,100h,0
529702,4,100h,0
529702,1,1000h_old,0
529702,2,1000h_old,0
529702,3,1000h_old,0
529702,4,1000h_old,0
529702,1,1000h_new,0
529702,2,1000h_new,28
529702,3,1000h_new,0
529702,4,1000h_new,0
529607,1,1h,43
529607,2,1h,16
529607,3,1h,18
529607,4,1h,27
529607,1,10h,2
529607,2,10h,1
529607,3,10h,0
529607,4,10h,0
529607,1,100h,1
529607,2,100h,0
529607,3,100h,0
529607,4,100h,0
529607,1,1000h_old,18
529607,2,1000h_old,0
529607,3,1000h_old,0
529607,4,1000h_old,0
529607,1,1000h_new,28
529607,2,1000h_new,0
529607,3,1000h_new,0
529607,4,1000h_new,0
527103,1,1h,34
527103,2,1h,26
527103,3,1h,23
527103,4,1h,46
527103,1,10h,0
527103,2,10h,0
527103,3,10h,0
527103,4,10h,2
527103,1,100h,0
527103,2,100h,0
527103,3,100h,0
527103,4,100h,0
527103,1,1000h_old,8.5
527103,2,1000h_old,0
527103,3,1000h_old,0
527103,4,1000h_old,0
527103,1,1000h_new,0
527103,2,1000h_new,0
527103,3,1000h_new,0
527103,4,1000h_new,0
525913,1,1h,27
525913,2,1h,28
525913,3,1h,21
525913,4,1h,28
525913,1,10h,0
525913,2,10h,1
525913,3,10h,0
525913,4,10h,2
525913,1,100h,0
525913,2,100h,3
525913,3,100h,0
525913,4,100h,1
525913,1,1000h_old,0
525913,2,1000h_old,0
525913,3,1000h_old,0
525913,4,1000h_old,0
525913,1,1000h_new,8
525913,2,1000h_new,0
525913,3,1000h_new,0
525913,4,1000h_new,0
528403,1,1h,41
528403,2,1h,25
528403,3,1h,22
528403,4,1h,22
528403,1,10h,5
528403,2,10h,1
528403,3,10h,1
528403,4,10h,0
528403,1,100h,2
528403,2,100h,0
528403,3,100h,2
528403,4,100h,2
528403,1,1000h_old,0
528403,2,1000h_old,0
528403,3,1000h_old,0
528403,4,1000h_old,0
528403,1,1000h_new,0
528403,2,1000h_new,0
528403,3,1000h_new,0
528403,4,1000h_new,0
526701,1,1h,18
526701,2,1h,14
526701,3,1h,12
526701,4,1h,22
526701,5,1h,19
526701,1,10h,5
526701,2,10h,1
526701,3,10h,1
526701,4,10h,1
526701,5,10h,6
526701,1,100h,0
526701,2,100h,0
526701,3,100h,1
526701,4,100h,0
526701,5,100h,1
526701,1,1000h_old,9
526701,2,1000h_old,15
526701,3,1000h_old,0
526701,4,1000h_old,0
526701,5,1000h_old,0
526701,1,1000h_new,10.3
526701,2,1000h_new,8
526701,3,1000h_new,0
526701,4,1000h_new,0
526701,5,1000h_new,0
556809,1,1h,22
556809,2,1h,39
556809,3,1h,26
556809,4,1h,24
556809,1,10h,3
556809,2,10h,1
556809,3,10h,5
556809,4,10h,1
556809,1,100h,4
556809,2,100h,0
556809,3,100h,0
556809,4,100h,1
556809,1,1000h_old,0
556809,2,1000h_old,0
556809,3,1000h_old,0
556809,4,1000h_old,0
556809,1,1000h_new,0
556809,2,1000h_new,0
556809,3,1000h_new,0
556809,4,1000h_new,0
1,1,1h,33
1,2,1h,32
1,3,1h,20
1,4,1h,16
1,1,10h,5
1,2,10h,1
1,3,10h,2
1,4,10h,2
1,1,100h,0
1,2,100h,0
1,3,100h,0
1,4,100h,1
1,1,1000h_old,0
1,2,1000h_old,0
1,3,1000h_old,0
1,4,1000h_old,0
1,1,1000h_new,0
1,2,1000h_new,0
1,3,1000h_new,0
1,4,1000h_new,0
2,1,1h,44
2,2,1h,33
2,3,1h,36
2,4,1h,22
2,1,10h,3
2,2,10h,1
2,3,10h,0
2,4,10h,1
2,1,100h,0
2,2,100h,1
2,3,100h,1
2,4,100h,0
2,1,1000h_old,0
2,2,1000h_old,0
2,3,1000h_old,0
2,4,1000h_old,0
2,4,1000h_old,28
2,4,1000h_old,30
2,4,1000h_old,19
2,4,1000h_old,12
2,4,1000h_old,16
2,4,1000h_old,26.5
2,4,1000h_old,24
2,4,1000h_old,8
2,4,1000h_old,12
2,4,1000h_old,35.5
2,4,1000h_old,21.5
2,4,1000h_old,12.5
2,4,1000h_old,37
2,4,1000h_old,20
2,4,1000h_old,23.5
2,1,1000h_new,31
2,2,1000h_new,28.5
2,3,1000h_new,25
2,4,1000h_new,26
2,4,1000h_new,39.5
3,1,1h,52
3,2,1h,24
3,3,1h,55
3,4,1h,15
3,1,10h,1
3,2,10h,3
3,3,10h,0
3,4,10h,1
3,1,100h,1
3,2,100h,0
3,3,100h,4
3,4,100h,1
3,1,1000h_old,17.5
3,2,1000h_old,45
3,3,1000h_old,26
3,4,1000h_old,0
3,1,1000h_new,8
3,2,1000h_new,17
3,3,1000h_new,18
3,4,1000h_new,0
4,1,1h,31
4,2,1h,37
4,3,1h,25
4,4,1h,28
4,1,10h,0
4,2,10h,1
4,3,10h,1
4,4,10h,0
4,1,100h,1
4,2,100h,0
4,3,100h,0
4,4,100h,1
4,1,1000h_old,0
4,2,1000h_old,0
4,3,1000h_old,0
4,4,1000h_old,0
4,1,1000h_new,21.5
4,2,1000h_new,10
4,3,1000h_new,43
4,4,1000h_new,0
5,1,1h,21
5,2,1h,21
5,3,1h,38
5,4,1h,31
5,1,10h,3
5,2,10h,1
5,3,10h,1
5,4,10h,1
5,1,100h,1
5,2,100h,0
5,3,100h,0
5,4,100h,2
5,1,1000h_old,10
5,2,1000h_old,31.5
5,3,1000h_old,10
5,4,1000h_old,29
5,1,1000h_new,0
5,2,1000h_new,0
5,3,1000h_new,0
5,4,1000h_new,0
6,1,1h,51
6,2,1h,16
6,3,1h,27
6,4,1h,36
6,1,10h,1
6,2,10h,1
6,3,10h,0
6,4,10h,3
6,1,100h,0
6,2,100h,1
6,3,100h,2
6,4,100h,2
6,1,1000h_old,10
6,2,1000h_old,48
6,3,1000h_old,10.5
6,4,1000h_old,19.5
6,1,1000h_new,0
6,2,1000h_new,0
6,3,1000h_new,0
6,4,1000h_new,0
7,1,1h,24
7,2,1h,19
7,3,1h,23
7,4,1h,34
7,1,10h,1
7,2,10h,0
7,3,10h,1
7,4,10h,0
7,1,100h,2
7,2,100h,0
7,3,100h,0
7,4,100h,0
7,1,1000h_old,0
7,2,1000h_old,0
7,3,1000h_old,0
7,4,1000h_old,0
7,1,1000h_new,9
7,2,1000h_new,0
7,3,1000h_new,0
7,4,1000h_new,0
8,1,1h,36
8,2,1h,23
8,3,1h,48
8,4,1h,20
8,1,10h,6
8,2,10h,3
8,3,10h,3
8,4,10h,2
8,1,100h,3
8,2,100h,0
8,3,100h,1
8,4,100h,0
8,1,1000h_old,9.5
8,2,1000h_old,10
8,3,1000h_old,12.5
8,4,1000h_old,0
8,1,1000h_new,50
8,2,1000h_new,0
8,3,1000h_new,0
8,4,1000h_new,0
9,1,1h,19
9,2,1h,45
9,3,1h,23
9,4,1h,36
9,1,10h,1
9,2,10h,3
9,3,10h,0
9,4,10h,1
9,1,100h,0
9,2,100h,0
9,3,100h,2
9,4,100h,0
9,1,1000h_old,0
9,2,1000h_old,0
9,3,1000h_old,0
9,4,1000h_old,0
9,1,1000h_new,0
9,2,1000h_new,0
9,3,1000h_new,0
9,4,1000h_new,0
10,1,1h,36
10,2,1h,32
10,3,1h,25
10,4,1h,36
10,1,10h,3
10,2,10h,1
10,3,10h,1
10,4,10h,5
10,1,100h,0
10,2,100h,0
10,3,100h,0
10,4,100h,0
10,1,1000h_old,0
10,2,1000h_old,0
10,3,1000h_old,0
10,4,1000h_old,0
10,1,1000h_new,0
10,2,1000h_new,0
10,3,1000h_new,0
10,4,1000h_new,0
11,1,1h,18
11,2,1h,28
11,3,1h,43
11,4,1h,26
11,1,10h,1
11,2,10h,1
11,3,10h,0
11,4,10h,0
11,1,100h,2
11,2,100h,0
11,3,100h,0
11,4,100h,0
11,1,1000h_old,0
11,2,1000h_old,0
11,3,1000h_old,0
11,4,1000h_old,0
11,1,1000h_new,0
11,2,1000h_new,0
11,3,1000h_new,0
11,4,1000h_new,0
12,1,1h,31
12,2,1h,53
12,3,1h,16
12,4,1h,15
12,1,10h,2
12,2,10h,4
12,3,10h,0
12,4,10h,0
12,1,100h,0
12,2,100h,0
12,3,100h,0
12,4,100h,0
12,1,1000h_old,8.5
12,2,1000h_old,20
12,3,1000h_old,17
12,4,1000h_old,0
12,1,1000h_new,48
12,2,1000h_new,0
12,3,1000h_new,0
12,4,1000h_new,0
13,1,1h,17
13,2,1h,55
13,3,1h,20
13,4,1h,27
13,1,10h,1
13,2,10h,0
13,3,10h,1
13,4,10h,0
13,1,100h,0
13,2,100h,0
13,3,100h,0
13,4,100h,0
13,1,1000h_old,0
13,2,1000h_old,0
13,3,1000h_old,0
13,4,1000h_old,0
13,1,1000h_new,0
13,2,1000h_new,0
13,3,1000h_new,0
13,4,1000h_new,0
14,1,1h,30
14,2,1h,57
14,3,1h,39
14,4,1h,23
14,1,10h,0
14,2,10h,3
14,3,10h,1
14,4,10h,2
14,1,100h,0
14,2,100h,2
14,3,100h,0
14,4,100h,0
14,1,1000h_old,8
14,2,1000h_old,0
14,3,1000h_old,0
14,4,1000h_old,0
14,1,1000h_new,12
14,2,1000h_new,0
14,3,1000h_new,0
14,4,1000h_new,0
15,1,1h,20
15,2,1h,46
15,3,1h,23
15,4,1h,14
15,1,10h,0
15,2,10h,1
15,3,10h,0
15,4,10h,1
15,1,100h,3
15,2,100h,0
15,3,100h,0
15,4,100h,1
15,1,1000h_old,14
15,2,1000h_old,15
15,3,1000h_old,0
15,4,1000h_old,0
15,1,1000h_new,0
15,2,1000h_new,0
15,3,1000h_new,0
15,4,1000h_new,0
16,1,1h,43
16,2,1h,27
16,3,1h,42
16,4,1h,16
16,1,10h,1
16,2,10h,2
16,3,10h,3
16,4,10h,3
16,1,100h,1
16,2,100h,4
16,3,100h,0
16,4,100h,0
16,1,1000h_old,0
16,2,1000h_old,0
16,3,1000h_old,0
16,4,1000h_old,0
16,1,1000h_new,10
16,2,1000h_new,0
16,3,1000h_new,0
16,4,1000h_new,0
17,1,1h,26
17,2,1h,25
17,3,1h,45
17,4,1h,26
17,1,10h,1
17,2,10h,1
17,3,10h,0
17,4,10h,1
17,1,100h,0
17,2,100h,9
17,3,100h,1
17,4,100h,0
17,1,1000h_old,0
17,2,1000h_old,0
17,3,1000h_old,0
17,4,1000h_old,0
17,1,1000h_new,0
17,2,1000h_new,0
17,3,1000h_new,0
17,4,1000h_new,0
19,1,1h,22
19,2,1h,31
19,3,1h,31
19,4,1h,23
19,1,10h,0
19,2,10h,4
19,3,10h,0
19,4,10h,1
19,1,100h,0
19,2,100h,0
19,3,100h,0
19,4,100h,0
19,1,1000h_old,0
19,2,1000h_old,0
19,3,1000h_old,0
19,4,1000h_old,0
19,1,1000h_new,0
19,2,1000h_new,0
19,3,1000h_new,0
19,4,1000h_new,0
20,1,1h,24
20,2,1h,41
20,3,1h,22
20,4,1h,63
20,1,10h,1
20,2,10h,0
20,3,10h,2
20,4,10h,3
20,1,100h,1
20,2,100h,0
20,3,100h,0
20,4,100h,0
20,1,1000h_old,14
20,2,1000h_old,0
20,3,1000h_old,0
20,4,1000h_old,0
20,1,1000h_new,0
20,2,1000h_new,0
20,3,1000h_new,0
20,4,1000h_new,0
21,1,1h,23
21,2,1h,27
21,3,1h,43
21,4,1h,28
21,1,10h,3
21,2,10h,1
21,3,10h,2
21,4,10h,0
21,1,100h,0
21,2,100h,0
21,3,100h,0
21,4,100h,1
21,1,1000h_old,47
21,2,1000h_old,0
21,3,1000h_old,0
21,4,1000h_old,0
21,1,1000h_new,0
21,2,1000h_new,0
21,3,1000h_new,0
21,4,1000h_new,0
22,1,1h,24
22,2,1h,29
22,3,1h,40
22,4,1h,34
22,1,10h,4
22,2,10h,2
22,3,10h,0
22,4,10h,4
22,1,100h,2
22,2,100h,2
22,3,100h,0
22,4,100h,1
22,1,1000h_old,0
22,2,1000h_old,0
22,3,1000h_old,0
22,4,1000h_old,0
22,1,1000h_new,0
22,2,1000h_new,0
22,3,1000h_new,0
22,4,1000h_new,0
23,1,1h,33
23,2,1h,16
23,3,1h,26
23,4,1h,26
23,1,10h,3
23,2,10h,1
23,3,10h,4
23,4,10h,1
23,1,100h,0
23,2,100h,0
23,3,100h,0
23,4,100h,0
23,1,1000h_old,0
23,2,1000h_old,0
23,3,1000h_old,0
23,4,1000h_old,0
23,1,1000h_new,0
23,2,1000h_new,0
23,3,1000h_new,0
23,4,1000h_new,0
24,1,1h,33
24,2,1h,35
24,3,1h,12
24,4,1h,34
24,1,10h,1
24,2,10h,2
24,3,10h,1
24,4,10h,1
24,1,100h,4
24,2,100h,0
24,3,100h,0
24,4,100h,0
24,1,1000h_old,10
24,2,1000h_old,29
24,3,1000h_old,0
24,4,1000h_old,0
24,1,1000h_new,35
24,2,1000h_new,0
24,3,1000h_new,0
24,4,1000h_new,0
25,1,1h,28
25,2,1h,18
25,3,1h,19
25,4,1h,49
25,1,10h,0
25,2,10h,0
25,3,10h,2
25,4,10h,7
25,1,100h,0
25,2,100h,1
25,3,100h,1
25,4,100h,4
25,1,1000h_old,0
25,2,1000h_old,0
25,3,1000h_old,0
25,4,1000h_old,0
25,1,1000h_new,0
25,2,1000h_new,0
25,3,1000h_new,0
25,4,1000h_new,0
26,1,1h,23
26,2,1h,40
26,3,1h,17
26,4,1h,21
26,1,10h,0
26,2,10h,1
26,3,10h,1
26,4,10h,1
26,1,100h,4
26,2,100h,1
26,3,100h,0
26,4,100h,0
26,1,1000h_old,15.5
26,2,1000h_old,0
26,3,1000h_old,0
26,4,1000h_old,0
26,1,1000h_new,0
26,2,1000h_new,0
26,3,1000h_new,0
26,4,1000h_new,0
27,1,1h,24
27,2,1h,19
27,3,1h,40
27,4,1h,6
27,1,10h,1
27,2,10h,1
27,3,10h,3
27,4,10h,1
27,1,100h,3
27,2,100h,4
27,3,100h,0
27,4,100h,0
27,1,1000h_old,9.5
27,2,1000h_old,10
27,3,1000h_old,9
27,4,1000h_old,18
27,1,1000h_old,11
27,2,1000h_new,32.5
27,3,1000h_new,0
27,4,1000h_new,0
28,1,1h,20
28,2,1h,24
28,3,1h,36
28,4,1h,46
28,1,10h,2
28,2,10h,1
28,3,10h,4
28,4,10h,2
28,1,100h,1
28,2,100h,0
28,3,100h,0
28,4,100h,0
28,1,1000h_old,10
28,2,1000h_old,0
28,3,1000h_old,0
28,4,1000h_old,0
28,1,1000h_new,53
28,2,1000h_new,0
28,3,1000h_new,0
28,4,1000h_new,0
29,1,1h,33
29,2,1h,22
29,3,1h,47
29,4,1h,17
29,1,10h,3
29,2,10h,1
29,3,10h,0
29,4,10h,2
29,1,100h,0
29,2,100h,1
29,3,100h,0
29,4,100h,0
29,1,1000h_old,0
29,2,1000h_old,0
29,3,1000h_old,0
29,4,1000h_old,0
29,1,1000h_new,0
29,2,1000h_new,0
29,3,1000h_new,0
29,4,1000h_new,0
205519,1,1h,27
205519,2,1h,28
205519,3,1h,31
205519,4,1h,29
205519,1,10h,0
205519,2,10h,1
205519,3,10h,4
205519,4,10h,2
205519,1,100h,1
205519,2,100h,0
205519,3,100h,0
205519,4,100h,1
205519,1,1000h_old,9
205519,2,1000h_old,0
205519,3,1000h_old,0
205519,4,1000h_old,0
205519,1,1000h_new,0
205519,2,1000h_new,0
205519,3,1000h_new,0
205519,4,1000h_new,0
205517,1,1h,33
205517,2,1h,25
205517,3,1h,37
205517,4,1h,83
205517,1,10h,0
205517,2,10h,1
205517,3,10h,1
205517,4,10h,2
205517,1,100h,1
205517,2,100h,0
205517,3,100h,1
205517,4,100h,0
205517,1,1000h_old,0
205517,2,1000h_old,0
205517,3,1000h_old,0
205517,4,1000h_old,0
205517,1,1000h_new,0
205517,2,1000h_new,0
205517,3,1000h_new,0
205517,4,1000h_new,0
